"","sentence","head","tail","relation"
"1601","On December 19, 2015, Sater emailed and sent a text message to Cohen requesting that Cohen call him because he had ""Evgeny on the other line.""","Sater","Evgeny","neutral2"
"1602","By the time he joined the Trump Campaign, Manafort' s work in Ukraine had diminished and his relationship with Deripaska had long soured.","Manafort","Trump Campaign","neutral1"
"1603","Through at least June 2016, Cohen said that Trump viewed the Moscow project the same way Cohen did, as an ""oppunitunity that was active.""","Trump","Cohen","positive1"
"1604","Manafort also organized U.S.based firms, particularly Mercury Public Affairs and the Podesta Group, to conduct lobbying and public relations on behalf of the PoR and the Yanukovych regime.","Manafort","Mercury Public Affairs","neutral1"
"1605","Shugart told the Committee that during this time period Trump discussed Putin with her specifically.","Trump","Putin","positive1"
"1606","This arrangement, and Sater's office space on the 26th floor of Trump Tower only several office's away from Trump, gave Sater greater access to Trump, allowing Sater the ability to see Trump frequently and ""pitch"" business opportunities to him.","Sater","Trump","positive1"
"1607","In late September 2015, Sater called Andrei Rozov, the head of the Russian real estate development firm I.C. Expert, to present Rozov with the concept for a Trump Tower Moscow.","Andrei Rozov","I.C. Expert","neutral1"
"1608","Separately, Stone communicated with Randy Credico between August and October 2016 in an attempt to obtain advance information about WikiLeaks, but Credico denied having any nonpublic knowledge, despite having some connections to Assange.","Randy Credico","Assange","neutral1"
"1609","In addition to disseminating hacked materials through its own personas, the GRU gave information to WikiLeaks as part of a joint effort to secure wider distribution of stolen DNC documents and John Podesta emails.","GRU","WikiLeaks","positive2"
"1610","On June 16, 2015, the day that Trump announced his candidacy, Goldstone emailed Graff and Trump Jr. with the subject line, ""Please pass on mine and Emin's best wishes and congratulations to Mr. Trump.""","Goldstone","Trump","positive1"
"1611","Manafort told the SCO that that he had ""no information"" that Russia hacked voting machines.","Manafort","the SCO","neutral2"
"1612","Trump and Christie went back to Trump’s days trying—and failing—to become an Atlantic City gaming mogul.","Trump","Christie","positive2"
"1613","That should be Putins [sic} message as well, and Felix Sater and Michael Cohen will help him agree on that message.","Felix Sater","Putin","positive1"
"1614","On April 21, 2016, at 2:42 a.m., Deripaska passed through U.S. Liberty International Airport after arriving on a private flight.","Deripaska","U.S.","neutral2"
"1615","Rinat Akhmetshin was surprised that Natalia Veselnitskaya was able to get it.","Rinat Akhmetshin","Natalia Veselnitskaya","positive1"
"1616","Papadopoulos first reached out to the Trump Campaign in the summer of 2015, and was referred to Michael Glassner, the National Political Director for the Trump Campaign, by Corey Lewandowski, the Trump Campaign manager at the time.","Corey Lewandowski","Michael Glassner","neutral1"
"1617","A spokeswoman for the FBI declined to comment on Donald Trump's criticism of Mr Wray, whom the president's appointed last year after firing Mr Comey.","Donald Trump","Wray","neutral1"
"1618","As senior aides prepared to announce his departure as a resignation, counselor Kellyanne Conway, who often boasts of her direct access to Trump, went on television to declare that Flynn had “the full confidence of the President.”","Trump","Flynn","positive1"
"1619","This outreach came through Frank Mermoud, a former Department of State official who was involved in organizing the diplomatic outreach for events surrounding the July 2016 Republican National Convention in Cleveland.","Frank Mermoud","the Ukrainian Embassy","neutral2"
"1620","Aides also knew Flynn had been interviewed by the FBI about the contacts.","FBI","Flynn","neutral2"
"1621","This outreach came through Frank Mermoud, a former Department of State official who was involved in organizing the diplomatic outreach for events surrounding the July 2016 Republican National Convention in Cleveland.","Frank Mermoud","Trump Campaign","neutral2"
"1622","The IRA then further promoted the event by contacting U.S. media about the event and directing them to speak with the coordinator.","IRA","U.S. media","neutral1"
"1623","Rob Goldstone personally, he asked on numerous occasions to Emin: Is there going to be a call, is there going to be a meeting?","Rob Goldstone","Emin","neutral2"
"1624","Primarily, however, Manafort and DMP were funded by Lyovochkin and Akhmetov.","Akhmetov","DMP","positive1"
"1625","As reports attributing the DNC and DCCC hacks to the Russian government emerged, WikiLeaks and Assange made several public statements apparently designed to obscure the source of the materials that WikiLeaks was releasing.","DCCC","Russian government","negative1"
"1626","On August 12, the GRU released DCCC records, including the cell phone numbers and email addresses of almost all Democrats in the House of Representatives through the Guccifer 2.0 persona, and tweeted publicly at Stone: ""thanks that u believe in the real #Guccifer2.""","GRU","Stone","positive1"
"1627","Veselnitskaya also at various points worked with Glenn Simpson of Fusion GPS, and worked alongside numerous firms related to the Prevezon case and related matters, including BakerHostetler, Quinn Emanuel Urauhart & Sullivan, and Cozen O'Connor.","Veselnitskaya","Cozen O'Connor","neutral2"
"1628","The White House has also undergone turnover and staffing changes in recent days, after one of Donald Trump's top aides and closest confidants, Hope Hicks, resigned and Donald Trump's son-in-law and adviser, Jared Kushner, was stripped of his top-secret security clearance.","Jared Kushner","Donald Trump","positive1"
"1629","After the Obama administration added Rosneft Chairman Igor Sechin to its sanctions list in 2014","Obama administration","Rosneft","negative1"
"1630","WikiLeaks contacted the Trump Campaign directly, through Donald Trump Jr., on several occasions.","WikiLeaks","Trump Campaign","neutral1"
"1631","According to Beniaminov, attendees at the dinner included Aras Agalarov, Donald Trump, Aras Agalarov's wife and daughter, Emin Agalarov, Emin Agalarov's friends Murad and Timur Beniaminov, Roman Beniaminov (no relation), Rob Goldstone, Goldstone and Agalarov's associate Murtaza Akbar, Trump Organization employees Keith Schiller and Michael Cohen, Miss Universe employee Esther Swan, former-Miss Universe Olivia Culpo, and others.","Timur Beniaminov","Murtaza Akbar","neutral2"
"1632","Oleg Deripaska primarily implements Russian active measures through Russian national Viktor Boyarkin.","Viktor Boyarkin","Deripaska","neutral1"
"1633","Svetlana Bignova wrote, ""Please let them know that on Tuesday Mr. Putin will make his decision.""","Svetlana Bignova","Putin","neutral1"
"1634","Manafort recalled that, at some point, Lyovochkin heard from Poroshenko that the U.S. Embassy was pressuring Ukraine's National Anti-Corruption Bureau for information on Manafort.","U.S. Embassy","Ukraine's National Anti-Corruption Bureau","negative1"
"1635","Connections between Manafort's program in Ukraine and Russia's own influence efforts there suggest that they were effectively part of the same campaign to undermine the Ukrainian government and support pro-Russia candidates.","Manafort","Ukrainian government","negative1"
"1636","I begged him not to do the meeting at the time and [E]min also[.]","Emin Agalarov","Aras Agalarov","neutral1"
"1637","Several days later, Mermoud informed Gates that he would be meeting with Chaly on a separate subject soon and asked if he had ""any guidance"" from Manafort.","Mermoud","Gates","neutral2"
"1638","Graff's confirmation that Trump had received the letter was passed on to Emin Agalarov and other Agalarov staff.","Graff","Emin Agalarov","neutral2"
"1639","In 2017, Kilimnik denied in private communications with Patten that there was Russian interference in the U.S. elections.","Kilimnik","Patten","neutral2"
"1640","Cohen ultimately declined Klokov's offers.","Cohen","Klokov","negative1"
"1641","The previously unreported meeting was also attended by Mr. Trump’s campaign chairman at the time, Paul J. Manafort, and by the president’s son-in-law, Jared Kushner.","Jared Kushner","Natalia Veselnitskaya","neutral2"
"1642","Bannon recalled that Donald Trump brought Comey up with him at least eight times on May 3 and May 4, 2017.","Donald Trump","Bannon","neutral2"
"1643","According to Beniaminov, attendees at the dinner included Aras Agalarov, Donald Trump, Aras Agalarov's wife and daughter, Emin Agalarov, Emin Agalarov's friends Murad and Timur Beniaminov, Roman Beniaminov (no relation), Rob Goldstone, Goldstone and Agalarov's associate Murtaza Akbar, Trump Organization employees Keith Schiller and Michael Cohen, Miss Universe employee Esther Swan, former-Miss Universe Olivia Culpo, and others.","Emin Agalarov","Roman Beniaminov","neutral2"
"1644","While the Committee has no further evidence of direct communications between Lyovochkin and Manafort after this meeting, Manafort continued to work closely on Ukraine issues with Kilimnik.","Manafort","Kilimnik","positive2"
"1645","According to Beniaminov, attendees at the dinner included Aras Agalarov, Donald Trump, Aras Agalarov's wife and daughter, Emin Agalarov, Emin Agalarov's friends Murad and Timur Beniaminov, Roman Beniaminov (no relation), Rob Goldstone, Goldstone and Agalarov's associate Murtaza Akbar, Trump Organization employees Keith Schiller and Michael Cohen, Miss Universe employee Esther Swan, former-Miss Universe Olivia Culpo, and others.","Aras Agalarov","Murtaza Akbar","neutral2"
"1646","In an email Goldstone explained that Dimitry Peskov ""is in direct daily contact with Vladimir Putin and has been briefed to expect an email and physical letter.""","Dimitry Peskov","Vladimir Putin","neutral1"
"1647","Azarov's press spokesperson both during his time serving as Prime Minister in Ukraine and when he announced his government-in-exile from Moscow, was Serhiy Zavorotnyy, an SVR officer involved in influence operations.","Azarov","Ukraine","neutral1"
"1648","In his email to Bannon, Boyle advised Bannon to call Stone, and when Bannon said he had ""important stuff to worry about,"" Boyle replied, ""Well clearly he knows what Assange has.","Boyle","Bannon","neutral2"
"1649","The nature of the meeting or meetings between Akhmetshin and Kilimnik, according to Patten, related to then-Ukrainian Government President Viktor Yanukovych visiting New York.","Viktor Yanukovych","Ukrainian Government","positive2"
"1650","These efforts have targeted elections and sought to sow discord by amplifying societal divisions.","Konstantin Rykov","United States","negative1"
"1651","Hicks immediately forwarded the inquiry to Cohen and copied Corey Lewandowski, writing only ""Michael?"" in the body of the email.","Hicks","Cohen","neutral2"
"1652","Cuomo told CNN on Friday that Trump's assessment of the situation ""incorrect and grossly uninformed.""","Cuomo","CNN","neutral2"
"1653","Given Goldstone's role in arranging the 2013 Miss Universe contest in Moscow, which Trump was involved in, Kaveladze believed Goldstone.","Kaveladze","Goldstone","positive1"
"1654","Leading up to that testimony, Donald Trump continued to tell advisors that he wanted Comey, James Jr. to make public that Donald Trump was not under investigation.","Donald Trump","Comey","neutral1"
"1655","Veselnitskaya was also one of the leading Russian Government nationals in the lobbying effort against the Magnitsky Act and its sanctions in the United States.","Veselnitskaya","Russian Government","positive2"
"1656","Zemlyanski was involved in Ukraine with Klyushin and Rykov, and was removed from Twitter after he made an online death threat toward a U.S. official in Moscow.","Zemlyanski","Klyushin","neutral1"
"1657","But on the day after the election, Steve Bannon—soon to be named chief strategist for the forty-fifth president-elect—was greeted as he arrived midmorning in Trump Tower by Anthony Scaramucci, holding a Starbucks coffee for him.","Steve Bannon","Trump","positive2"
"1658","For Bannon to live, Kushner would have to be wholly discredited—pilloried, investigated, possibly even jailed.","Bannon","Kushner","negative2"
"1659","Patten ultimately confronted Kilimnik about Olson's allegation, and Kilimnik denied he was the source of the leak.","Patten","Kilimnik","negative1"
"1660","On September 9, the Guccifer 2.0 persona shared the HelloFLA! blog post with Stone that provided an ""exclusive"" report of a hacked Democratic turnout model that the GRU had fed to Nevins, and asked for his opinion.","Guccifer 2.0","Stone","positive1"
"1661","Emin Agalarov is Executive Vice President of Crocus group and is also a musician.","Emin Agalarov","Crocus group","neutral1"
"1662","In an email to Trump Jr., Manafort shared a Politico article that seems to have underpinned repeated claims by others helping advance this narrative.","Manafort","Trump Jr.","neutral2"
"1663","Cohen made contact in January 2016 with a Russian Presidential Administration aide to Dmitri Peskov, a senior Kremlin official and key advisor to Putin.","Dmitri Peskov","Putin","neutral1"
"1664","Why was this such a big deal?""'","Paula Shugart","Rob Goldstone","neutral2"
"1665","The timing of Mifsud's visit to Moscow and his subsequent conversation with Papadopoulos are consistent with the timeline of the GRU's cyber penetration of the DNC and DCCC, several weeks before any information about that activity was public.","GRU","DCCC","negative1"
"1666","In his interview with the Committee, Emin Agalarov sought to distance himself from Klyushin and Klyushina.","Emin Agalarov","Klyushina","negative1"
"1667","IRA employees frequently used Twitter, Facebook, and Instagram to contact and recruit U.S. persons who followed the group.","IRA","Facebook","negative1"
"1668","According to Beniaminov, attendees at the dinner included Aras Agalarov, Donald Trump, Aras Agalarov's wife and daughter, Emin Agalarov, Emin Agalarov's friends Murad and Timur Beniaminov, Roman Beniaminov (no relation), Rob Goldstone, Goldstone and Agalarov's associate Murtaza Akbar, Trump Organization employees Keith Schiller and Michael Cohen, Miss Universe employee Esther Swan, former-Miss Universe Olivia Culpo, and others.","Olivia Culpo","Esther Swan","neutral2"
"1669","Roman Beniaminov told the Committee that Aras Agalarov instructed him to deliver the gift, a painting, with Goldstone's assistance.","Goldstone","Roman Beniaminov","neutral1"
"1670","I told Donald Trump Felix is bringing the proposal, and Donald Trump was like: Oy, Felix!","Donald Trump","Felix","neutral1"
"1671","The time has been defined in part by California's defiance of Trump and the state's pride in serving as the center of the resistance to Trump administration policies.","California","Trump","negative2"
"1672","Kilimnik also worked to arrange meetings between Department of State officials and senior Ukrainian politicians, most notably Lyovochkin.","Kilimnik","Lyovochkin","neutral2"
"1673","For example, on July 14, 2016, GRU officers operating under the DCLeaks persona sent a link and password for a non-public DCLeaks webpage to a U.S. reporter via the Facebook account.","DCLeaks","GRU","neutral2"
"1674","Roman Beniaminov, a close friend and aide to Emin Agalarov, recalled that at the signing the Miss Universe Organization group presented Aras Agalarov with a bottle of tequila to celebrate the occasion.","Miss Universe Organization","Aras Agalarov","positive2"
"1675","At the lunch Anatoli Samochornov and Natalia Veselnitskaya were joined by Irakli Kaveladze and possibly Akhmetshin.","Anatoli Samochornov","Kaveladze","neutral2"
"1676","The Committee assesses that as of 2014, Rykov has also been significantly involved in Russian Government influence operations targeting Ukraine, likely at the Kremlin's request.","Russian Government","Rykov","positive1"
"1677","Both the GRU and WikiLeaks sought to hide their communications, which has limited the Office's ability to collect all of the communications between them.","GRU","WikiLeaks","neutral2"
"1678","After the U.S. intelligence community publicly announced its assessment that Russia was behind the hacking operation, Assange continued to deny that the Clinton materials released by WikiLeaks had come from Russian hacking.","Wikileaks","Clinton","negative1"
"1679","Papadopoulos recalled that they discussed U.S.-Russia trade issues during the meeting, and noted that Polonskaya was escorted by an unknown male who did not join them.","Papadopoulos","Polonskaya","neutral2"
"1680","According to Beniaminov, attendees at the dinner included Aras Agalarov, Donald Trump, Aras Agalarov's wife and daughter, Emin Agalarov, Emin Agalarov's friends Murad and Timur Beniaminov, Roman Beniaminov (no relation), Rob Goldstone, Goldstone and Agalarov's associate Murtaza Akbar, Trump Organization employees Keith Schiller and Michael Cohen, Miss Universe employee Esther Swan, former-Miss Universe Olivia Culpo, and others.","Aras Agalarov","Keith Schiller","neutral2"
"1681","Shortly thereafter, Cohen forwarded architectural renderings for the project directly to Rozov.","Cohen","Rozov","neutral2"
"1682","In March 2016, WikiLeaks released a searchable archive of approximately 30,000 Clinton emails that had been obtained through FOIA litigation","WikiLeaks","Clinton","neutral2"
"1683","Senior leaders ofthe PoR, who paid Manafort and with whom Manafort maintained close personal relationships, were reliant on corruption and organized crime. For example, Yuriy Boyko and Dmytro Firtash two Ion -time allies and funders of the PoR who maintained close relationships with Manafort.","Dmytro Firtash","Manafort","positive2"
"1684","In his December 19, 2015 messages to Cohen, Sater explained that the meetings in Moscow he was working to setup related to the Trump project should not appear overtly political, but the meetings would be with Putin and other Kremlin insiders.","Sater","Putin","neutral2"
"1685","US Rep. Anna Eshoo, who represents Silicon Valley, credited Newsom with being creative through his use of executive orders and aggressive in his cold calls to business leaders.","Anna Eshoo","Newsom","positive1"
"1686","Further, Manafort told Gates that the RNC was going to ""run the WikiLeaks issue to ground.""","Manafort","Gates","neutral2"
"1687","On December 29, 2015, Cohen sent a message to Sater asking if there was any response ""from Russia.""","Cohen","Sater","neutral2"
"1688","8 Goldstone told the Committee that in the afternoon Emin Agalarov had shown Trump around Crocus, and that Trump had ""gone on this little drive around the property.""","Emin Agalarov","Trump","positive1"
"1689","According to Beniaminov, attendees at the dinner included Aras Agalarov, Donald Trump, Aras Agalarov's wife and daughter, Emin Agalarov, Emin Agalarov's friends Murad and Timur Beniaminov, Roman Beniaminov (no relation), Rob Goldstone, Goldstone and Agalarov's associate Murtaza Akbar, Trump Organization employees Keith Schiller and Michael Cohen, Miss Universe employee Esther Swan, former-Miss Universe Olivia Culpo, and others.","Olivia Culpo","Keith Schiller","neutral2"
"1690","Manafort and Kilimnik also continue to pursue the pro-Russia Ukraine peace plan Kilimnik had first raised with Manafort during their August 2016 meeting, including efforts to organize a poll testing the peace plan in Spring 2018.","Manafort","Kilimnik","positive2"
"1691","Goldstone recalled that he remained at the party until Trump and Schiller left to return to the hotel, again with a police escort and security.","Goldstone","Schiller","neutral1"
"1692","At the meeting, Yakunin also raised a report that had information he believed Rohrabacher should review.","Yakunin","Rohrabacher","neutral1"
"1693","Kilimnik, first as an employee of Manafort's in Kyiv, and later as Patten's partner, served in several roles, most notably as an advisor to the presidential administration and in particular to Yanukoych's then-chief of staff, Lyovochkin.","Kilimnik","Lyovochkin","positive2"
"1694","Kilimnik believed that Leshchenko was ""part of the group of deputies who launched [a] PR offensive in coordination with HRC HQ and poured mud over us in the media,","Leshchenko","HRC HQ","neutral2"
"1695","Konstantin Rykov also claims to have been in direct contact over Twitter with Donald Trump in 2012.","Konstantin Rykov","Donald Trump","positive1"
"1696","Guccifer 2.0 and DCLeaks Account exchanged a total of 45 communications from September 15 through October 18.","Guccifer 2.0","DCLeaks Account","neutral2"
"1697","According to Mermoud, Chaly was ""upset"" about the changes to the Republican platform related to Ukraine.","Chaly","Republican Platform","negative1"
"1698","Fabrizio had been hired by the Trump Campaign at Manafort's urging after Manafort joined the Campaign","Manafort","Fabrizio","positive1"
"1699","Another Trump ally, who is not serving in the Administration, said Trump got what he wanted in Priebus.","Trump","Priebus","positive1"
"1700","I'm not sure who else, probably Keith.","Keith","Rob Goldstone","neutral2"
"1701","Following that, Kilimnik suggested that Manafort ""could start the process and within 10 days visit Russia (BG guarantees your reception at the very top level, cutting through all the bullshit and getting down to business), Ukraine, and key EU capitals.""","Manafort","Viktor Yanukovych","positive2"
"1702","Manafort communicated electronically with Kilimnik and met Kilimnik in person twice while serving on the Trump Campaign.","Manafort","Kilimnik","neutral2"
"1703","At the Convention, Mermoud had introduced Manafort to then-Ukrainian Ambassador to the United States Valeriy Chaly.","Mermoud","Manafort","positive1"
"1704","Congress needs to pass a spending bill by April 28 and another in September, renew the Federal Aviation Administration and boost the debt limit.","Congress","Federal Aviation Administration","positive1"
"1705","Sater recalled making a licensing deal proposal to Russian oligarch Sergei Polansky related to a ""Federation Tower Trump.""","Sater","Sergei Polansky","neutral1"
"1706","During that meeting, the White House chief of staff, John Kelly, told Ms Pirro Ms Pirro was inflaming an already vexed Donald Trump, the people said.","Ms Pirro","Donald Trump","negative1"
"1707","Then, at approximately 1:40 p.m., Stone received a one-minute call from Keith Schiller's phone number, which records show it originating from East Elmhurst, New York - in proximity to LaGuardia Airport.","Keith Schiller","Stone","neutral2"
"1708","An example of the overlap between Russian-directed influence efforts and those where Deripaska had a personal interest-and employed Manafort to advance both-is Montenegro.","Deripaska","Manafort","positive1"
"1709","I'm not sure who else, probably Keith.","Keith","Aras Agalarov","neutral2"
"1710","At 9:00 p.m. on November 7, Donald Trump and Keith Schiller were scheduled to board the private airplane of Phil Ruffin.","Donald Trump","Keith Schiller","neutral2"
"1711","Manafort also organized U.S.based firms, particularly Mercury Public Affairs and the Podesta Group, to conduct lobbying and public relations on behalf of the PoR and the Yanukovych regime.","Mercury Public Affairs","PoR","neutral1"
"1712","Goldstone informed Graff via email that Aras Agalarov wanted Goldstone to deliever the letter and book that same day, ""ahead of Sunday's debate.""","Goldstone","Graff","neutral2"
"1713","Papadopoulos characterized a transition in their relationship, shifting from ""seemingly obscure girl ... to now the interlocutor with Mifsud to the Russian Government for me.""","Mifsud","Russian government","neutral1"
"1714","Barrack also told Manafort that he would talk to Trump ""one on one"" on March 11, 2016, and ""lean hard.""","Barrack","Manafort","neutral2"
"1715","Rick Gates, who was serving in a senior position on the Trump Campaign, recalled that at a regular morning meeting in the days leading up to the June 9, 2016 meeting, Trump Jr. announced that he had a lead on negative information about the Clinton Foundation.","Rick Gates","Trump Campaign","neutral1"
"1716","At end of the meeting with Kosachev, Kosachev passed Rohrabacher a note.","Kosachev","Rohrabacher","neutral2"
"1717","Also on June 14, Goldstone emailed Emin Agalarov and Kaveladze and attached a CNN article titled, ""Russian hackers stole Dems' Trump files, firm says.""","Goldstone","Emin Agalarov","neutral2"
"1718","And Vladimir Putin actually said to Donald Trump that, if he could, he'd like to invite him to the Sochi Winter Olympics.","Vladimir Putin","Donald Trump","positive1"
"1719","At the time, Bannon still worked in the White House.","Bannon","White House","neutral1"
"1720","Among the U.S. ""leaders of public opinion"" targeted by the IRA were various members and surrogates of the Trump Campaign.","IRA","members and surrogates of the Trump Campaign","positive1"
"1721","On Sunday, October 27, Svetlana Bignova, Grachev's deputy, sent an email to Goldstone, Emin Agalarov, Kaveladze, Grachev, and Beniaminov.","Svetlana Bignova","Emin Agalarov","neutral2"
"1722","Assange, who was residing at the time at the Ecuador Embassy in London had frequent visitors in the summer and fall of 2016.","Assange","the Ecuador Embassy","neutral1"
"1723","Cohen eventually made contact in January 2016 with a Russian Presidential Administration aide to Dmitri Peskov, a senior Kremlin official and key advisor to Putin.","Dmitri Peskov","Putin","neutral1"
"1724","Rhona Graff asked Rob G. to draft something we could tweak.","Rhona Graff","Rob G","neutral2"
"1725","The document predicted a Trump victory in the election just days away. In the two-page memorandum, Manafort counseled that the Trump team must prepare the public and media for this result or else face rejection and backlash.","Manafort","the Trump team","positive1"
"1726","Manafort had a long history of working with Kolesnikov and had previously assisted him as early as 2005 on behalf of Akhmetov and Deripaska related to Kolesnikov's arrest on extortion charges.","Manafort","Kolesnikov","neutral2"
"1727","The Russian government has pursued a relationship with Julian Assange and WikiLeaks that includes formal partnerships with state-owned media platforms, government assistance for WikiLeaks associates and sources, and information sharing.","Russian Government","Julian Assange","positive1"
"1728","On April 8, 2016, Aras Agalarov brought the letter to an interview with The Washington Post's Moscow Bureau Chief.","Aras Agalarov","The Washington Post","neutral1"
"1729","Kilimnik later shared with Patten what he had learned about Manafort' s ""campaign strategy"" at the ·meeting , including a discussion of whether Trump ""[has] a shot; if he has a shot, why.""","Patten","Kilimnik","positive1"
"1730","Chrysostomides used his company, Dr. K. Chrysostomides & Co LLC (DKCC) to create at least three shell companies on behalf of Manafort, Gates, and Deripaska-Lucile Consultants Limited, Bletilla Ventures Limited, and Yiakora Ventures Limited-all registered to 1 Lampousas Street, 1095 Nicosia, Cyprus.","Gates","Bletilla Ventures Limited","neutral2"
"1731","Earlier that day, candidate Trump made public statements that included the following: ""Russia, if you're listening, I hope you're able to find the 30,000 emails that are missing.","Trump","Russia","neutral2"
"1732","Patten told the SCO that after he had left IRI, an IRI employee who worked at IRI's Belarus desk, Trig Olson, made a claim that Kilimnik leaked information to Russian intelligence.","Patten","SCO","neutral2"
"1733","Manafort further claimed that he met with Kilinmik for an hour and a half at Manafort's hotel, where Kilimnik told him that the criminal investigation in Ukraine was ""going nowhere.""","Kilimnik","Manafort","neutral2"
"1734","The GRU later released additional materials through the organization WikiLeaks.","WikiLeaks","GRU","neutral1"
"1735","At 2:42 a.m. the following morning, Goldstone texted Trump Jr.: ""Mazal Tov!""","Trump","Goldstone","neutral2"
"1736","Rob Goldstone did say that he saw Don at a ridiculous meeting, where Rob Goldstone went and they supposedly had emails from the Democrats and dirt on Hillary and then it turned out to be something about adoptions; and it was just ridiculous and it was just stupid.","Rob Goldstone","Don","neutral2"
"1737","Candidate Trump signed a Letter of lntent for Trump Tower Moscow by November 2015, and in January 2016 Trump Organization executive Michael Cohen emailed and spoke about the project with the office of Russian government press secretary Dmitry Peskov.","Michael Cohen","Dmitry Peskov","neutral2"
"1738","Sater explained that GenBank was ""owned 50% by Government and is run as a junior for VTB.""","Sater","Michael Cohen","neutral2"
"1739","In a limited way, the GRU tried to bolster the DCLeaks Facebook page with other, more established GRU personas.","GRU","the DCLeaks Facebook page","positive1"
"1740","However, other communications suggest that Manafort and Kilimnik may have discussed the U.S. elections and Manafort's strategy to defeat Clinton in this time period.","Manafort","Clinton","negative1"
"1741","During the meeting, Kilimnik updated Manafort on what was happening with Lyovochkin, Akhmetov, and their ""other friends"" in Kyiv.","Lyovochkin","Manafort","positive2"
"1742","By February 25, 2016, Barrack had spoken to Trump twice about the possibility of Manafort joining the Campaign.","Trump","Barrack","neutral2"
"1743","The LCILP had arranged the trip and invited Papadopoulos, who accepted because he ""just wanted to go to Rome.""","LCILP","Papadopoulos","positive1"
"1744","Both the GRU and WikiLeaks sought to hide their communications, which has limited the Special Counsel's Office's ability to collect all of the communications between them.","Special Counsel's Office","WikiLeaks","negative1"
"1745","On September 2, 2016, Smith directed a business associate to establish KLS Research LLC in furtherance of his search for the deleted Clinton emails.","Smith","Clinton","negative1"
"1746","In terms of the substance of their discussion, Sechin's associate said that the Rosneft President was so keen to lift personal and corporate western sanctions imposed on the company, that he offered Page the brokerage of up to a 19 per cent (privatized) stake in Rosneft in return.","Sechin","Page","positive1"
"1747","In that capacity, Samochomov was interpreting for BakerHostetler and Quinn Emanuel Urquhart & Sullivan, two law firms that were hired by the defendants.","Samochomov","Quinn Emanuel Urquhart & Sullivan","neutral1"
"1748","In November 2016, Patten and Kilimnik arranged for a polling company to test the viability ofa new political party which would include KHtschko, Lutsenko, and two other Ukrainian political figures.","Patten","Lutsenko","neutral2"
"1749","A second proposal came from Giorgi Rtskhiladze, another previous business partner of the Trump Organization and who had years before worked with Cohen on building a Trump-branded property in Batumi, Georgia.","Giorgi Rtskhiladze","Cohen","neutral1"
"1750","Kilimnik told Patten that at the New York cigar bar meeting, Manafort stated that they have a plan to beat Hillary Clinton which included Manafort bringing discipline and an organized strategy to the campaign.","Kilimnik","Manafort","neutral2"
"1751","He's saying that the call is from a man named Dimitry Peskov, who is the spokesperson, who has a message that says that President Putin is very sorry, but because the King of Holland has been delayed on an official visit to the Kremlin,,he 's unable to make time to receive Mr. Trump.","Dimitry Peskov","Putin","neutral1"
"1752","The Committee assesses that Rykov is friendly with Russian Presidential Administration Official Timur Prokopenko, who managed the Kremlin's media influence activities from 2012-2014 and who requested that a Kremlin-controlled institute finance Rykov's influence operations.","Timur Prokopenko","Russian Presidential Administration","neutral1"
"1753","Trump has also expressed admiration for Putin.","Trump","Putin","positive1"
"1754","While the scale of Manafort's work in Ukraine began to decline, Manafort nonetheless stayed involved in Ukraine matters in thelead-up to his March 2016 entry into the Trump Campaign.","Manafort","the Trump Campaign","neutral1"
"1755","Chrysostomides used his company, Dr. K. Chrysostomides & Co LLC (DKCC) to create at least three shell companies on behalf of Manafort, Gates, and Deripaska-Lucile Consultants Limited, Bletilla Ventures Limited, and Yiakora Ventures Limited-all registered to 1 Lampousas Street, 1095 Nicosia, Cyprus.","Chrysostomides","Gates","neutral1"
"1756","On November14, architects from the firm Jacobs /KlingStubbins who were working on behalf of Crocus emailed Trump Jr. and Florence Khoo at the Trump Organization and copied Emin Agalarov, Kaveladze, and others.","Jacobs /KlingStubbins","Kaveladze","neutral2"
"1757","Trump also directed individuals in, and associated with, Trump Campaign to seek out Clinton's ""missing"" emails.","Trump","Trump Campaign","neutral1"
"1758","Some of the individuals the GRU targeted for outreach with the Guccifer 2.0 persona were closely associated with the Trump Campaign, such as long-time Trump advisor Roger Stone.","Roger Stone","Trump Campaign","positive1"
"1759","Kaveladze said that the ""bad things"" that he was concerned about related to the ""negative information on Hillary Clinton"" that he had heard of from Beniaminov.","Beniaminov","Kaveladze","neutral1"
"1760","Page also spoke briefly with another speaker, Arkady Dvorkovich.","Page","Arkady Dvorkovich","neutral2"
"1761","For example, in 2007, Donald Trump wrote a letter to Putin congratulating him on Putin's being named ""Person ofthe Year"" by Time.","Time","Putin","positive1"
"1762","In this same time period following the June 9, 2016 meeting in Trump Tower, Rob Goldstone had a series of communications with Shugart.","Rob Goldstone","Shugart","neutral2"
"1763","According to Beniaminov, attendees at the dinner included Aras Agalarov, Donald Trump, Aras Agalarov's wife and daughter, Emin Agalarov, Emin Agalarov's friends Murad and Timur Beniaminov, Roman Beniaminov (no relation), Rob Goldstone, Goldstone and Agalarov's associate Murtaza Akbar, Trump Organization employees Keith Schiller and Michael Cohen, Miss Universe employee Esther Swan, former-Miss Universe Olivia Culpo, and others.","Timur Beniaminov","Donald Trump","neutral2"
"1764","On July 31, 2016, based on the foreign government reporting, the FBI opened an investigation into potential coordination between the Russian government and individuals associated with the Trump Campaign.","Russian government","Trump campaign","positive2"
"1765","On October 27, 2016, Goldstone emailed Trump Jr. with the subject line, ""Mazal Tov on the new Hotel opening- looks amazing"" and no text in the body of the email.","Goldstone","Trump Jr.","neutral2"
"1766","In a June 9, 2016 text message, Sater relayed to Cohen that he was filling out paperwork for their ""badges'' for the conference and that Cohen should receive an email invite soon.","Sater","Cohen","neutral2"
"1767","In the immediate aftermath of the Orange Revolution, Deripaska contacted Manafort and directed him to begin work to rehabilitate Yanukovych and the PoR.","Manafort","Yanukovych","positive1"
"1768","We reported previously (2016/135 and / 136) on secret meeting/s held in Prague, Czech Republic, in August 2016 between then Republican presidential candidate Donald TRUMP's representative, Michael COHEN and his interlocutors from the Kremlin working under cover of Russian 'NGO' Rossotrudnichestvo.","Michael Cohen","Rossotrudnichestvo","neutral2"
"1769","Kilimnik also displayed interest in using Manafort to exert influence on politics elsewhere.","Kilimnik","Manafort","neutral1"
"1770","Several days later, Mermoud informed Gates that he would be meeting with Chaly on a separate subject soon and asked if he had ""any guidance"" from Manafort.","Mermoud","Chaly","neutral2"
"1771","Over the course of approximately a decade, Sater was a prolific cooperator for the U.S. Government, providing information on ""the most elusive and dangerous"" individuals of interest to U.S. law enforcement.","Sater","U.S. law enforcement","neutral1"
"1772","People working in the West Wing say they have heard Trump criticize Don Jr. and Eric and even Ivanka for doing or saying something that the president thought was not helpful, but none could recall hearing him say anything negative about Melania.","Trump","Ivanka","negative1"
"1773","GRU officers also used the DCLeaks Facebook account, the Twitter account @dcleaks_, and the email account dcleaksproject@gmail.com to communicate privately with reporters and other U.S. persons.","DCLeaks facebook account","GRU","neutral2"
"1774","The PoR maintained strong connections to Russian Government, received Russian assistance, and pursued a pro-Russia agenda.","PoR","Russian Government","positive2"
"1775","After a stint at the Commerce Department, Ms. Ricardel moved to the White House as Mr. Bolton’s deputy.","Ricardel","Commerce Department","neutral1"
"1776","Donald Trump keeps underlining that he thinks that President Putin is a strong leader.","Donald Trump","Putin","positive1"
"1777","On October 31, 2013, the Crocus Group and the Miss Universe Organization hosted a charity auction.","Crocus Group","Miss Universe Organization","positive2"
"1778","To do so, the Trump Campaign took actions to obtain advance notice about WikiLeaks releases of Clinton emails; took steps to obtain inside information about the content of releases once WikiLeaks began to publish stolen information; created messaging strategies to promote and share the materials in anticipation of and following their release; and encouraged further theft of information and continued leaks.","the Trump Campaign","WikiLeaks","neutral2"
"1779","Gates recalled that in addition to Trump Jr., Eric Trump, Manafort, and Hope Hicks attended the meeting, while Ivanka Trump and Jared Kushner joined the meeting late.","Eric Trump","Hope Hicks","neutral2"
"1780","Cohen told Sater to stop working on the project, stating that Cohen would ""handle this myself.''","Cohen","Sater","neutral2"
"1781","A recording available on YouTube purports to reproduce a conference call conversation between ""Georgy"" (presumably Georgy Oganov), Tatiana Monaghan,899 and William Sein about this matter.","Georgy Oganov","William Sein","neutral2"
"1782","Manafort and his team kept Deripaska informed of operational details, and Deripaska provided direction to Manafort and coordinated with him on actions Deripaska would conduct personally to assist in the influence campaign.","Manafort","Deripaska","positive2"
"1783","The DCLeaks website was registered by the GRU's Unit 26165 on April 19, 2016, the day after the GRU had gained access to the DNC and before an documents had been exfiltrated from the DCCC or DNC","GRU's Unit 26165","GRU","neutral1"
"1784","In his memorandum to Deripaska, Manafort stated that ""we are now of the belief that this model can greatly benefit the Putin Government if employed at the correct levels with the appropriate commitments to success.""","Manafort","Putin Government","positive1"
"1785","Donald Trump Jr. arranged a meeting at Trump Tower in Manhattan with a Natalia Veselnitskaya, a Russian lawyer who has connections to the Kremlin.","Donald TRUMP Jr.","Natalia VESELNITSKAYA","neutral2"
"1786","The Committee assesses that, in 2014, Rykov likely collaborate with the Russian Presidential Administration regarding a Russian influence operation targeting France, in support of the French National Front and Marine Le Pen.","Rykov","France","negative1"
"1787","Dvoskin himself is an owner and executive at GenBank, which suggests he was involved in the production of this letter.","Dvoskin","GenBank","neutral1"
"1788","In September 2017, Kilimnik shared a letter with Patten that Lyovochkin and his OB associates drafted allegedly on behalf of Oleksandr Lavrynovych.","OB","Lyovochkin","positive2"
"1789","And I said: ""Sure, I'll look at any report; I'll talk to anybody and I'll read anything. ""","Dana Rohrabacher","Vladimir Yakunin","positive2"
"1790","McMaster was in fact talking to Petraeus often.","McMaster","Petraeus","neutral2"
"1791","Donald Trump also told the Russian Foreign Minister, Igor Ivanov, ""I just fired James Comey Jr. He was crazy, a real nut job.""","Donald Trump","James Comey Jr.","negative1"
"1792","Kilimnik, however, appears to have not completely broken ties with the Russian government by 1995.","Kilimnik","Russian government","positive2"
"1793","For example, Sater stated that among these contacts he used was Emin Iskenderov, a Russian developer whom Sater said had access to Kremlin insiders like Peskov.","Emin Iskenderov","Kremlin","neutral1"
"1794","Lyovochkin likely provided funding to DMP on behalf of other oligarchs, particularly Firtash.","Lyovochkin","Firtash","neutral1"
"1795","Stone told Corsi that he was talking to Trump, and Corsi assumed that Stone was conveying Corsi's information to the Trump Campaign.","Corsi","Trump Campaign","positive1"
"1796","He told the Committee that the final meeting between Trump and Agalarov was approximately six weeks before he [Trump] was due to announce that he was going to run for President.","Trump","Agalarov","neutral2"
"1797","At noon, Sessions, Rosenstein, and Hunt met with McGahn and White House Counsel's Office attorney Uttam Dhillon at the White House.","Hunt","Uttam Dhillon","neutral2"
"1798","After the election, Cohen was part of an alleged joint defense agreement (JDA) with an unknown number of other Trump-affiliated individuals, including Trump himself, the Trump Organization, Jared Kushner, Ivanka Trump, Felix Sater, and others.","Cohen","Ivanka Trump","positive2"
"1799","Papadopoulos believed Mifsud, Polonskaya, and Timofeev were connected to the Russian government, and worked with them on ways for the Campaign to engage with the Russian government.","Papadopoulos","Polonskaya","neutral2"
"1800","Donald Trump Jr. served as a close adviser to his father","Donald TRUMP Jr.","Donald TRUMP","positive2"
"3601","At Yanukovych's direction, Kilimnik sought Manafort's assistance with the plan.","Kilimnik","Manafort","positive1"
"3602","Deripaska’s purchase, however, wa not purely a private business matter and was instead backed by the Russian government.","Russian government","Deripaska","positive1"
"3603","The day after the public announcement that Manafort joined the Trump Campaign on March 29, 2016, Gates sent Kilimnik an email with five attachments and instructions regarding those attachments.","Manafort","the Trump Campaign","neutral1"
"3604","Klimenko is an adviser to President Putin and pro-Kremlin social media expert.","Klimenko","Putin","neutral1"
"3605","In the morning of Monday, May 8, 2017, Donald Trump met in the Oval Office with senior advisors, including McGahn, Priebus, and Miller, and informed them he had decided to terminate Comey.","Donald Trump","Miller","neutral2"
"3606","Cohen and Sater sought to leverage Trump's comments, and subsequent comments about Trump by Putin, to advance the deal.","Putin","Trump","neutral2"
"3607","Donald Trump had invited James Comey to dinner and decided my job security was on the menu.","Donald Trump","James Comey","positive1"
"3608","At approximately the same time, Manafort shared a draft of the Kilimnik-authored plan with Fabrizio and his firm for their use in creating polling questions to test its viability.","Manafort","Fabrizio","neutral2"
"3609","Guccifer 2.0 and DCLeaks Account also had access to each other's documents.","Guccifer 2.0","DCLeaks Account","positive2"
"3610","Manafort discussed the Fabrizio internal Trump polling data with Kilimnik, and explained that Fabrizio 's polling numbers showed that the Clinton negatives, referred to as a 'term poll, ' were high.","Manafort","Fabrizio","neutral1"
"3611","According to Beniaminov, attendees at the dinner included Aras Agalarov, Donald Trump, Aras Agalarov's wife and daughter, Emin Agalarov, Emin Agalarov's friends Murad and Timur Beniaminov, Roman Beniaminov (no relation), Rob Goldstone, Goldstone and Agalarov's associate Murtaza Akbar, Trump Organization employees Keith Schiller and Michael Cohen, Miss Universe employee Esther Swan, former-Miss Universe Olivia Culpo, and others.","Olivia Culpo","Aras Agalarov","neutral2"
"3612","On January 20, Konstantin Sidorkov wrote to Scavino, copying Goldstone, Graff and Trump Jr.:","Konstantin Sidorkov","Scavino","neutral2"
"3613","In the spring of 2016, Trump Campaign advisor Michael Caputo learned through a Florida-based Russian business partner that another Florida-based Russian, Henry Oknyansky (who also went by the name Henry Greenberg), claimed to have information pertaining to Hillary Clinton.","Henry Oknyansky","Hillary Clinton","neutral1"
"3614","In his support of the PoR, Manafort's activity in Ukraine furthered Russian Government influence efforts in the run-up to the 2006 Verkhovna Rada (Ukrainian legislature) elections.","Russian Government","Verkhovna Rada (Ukrainian legislature) elections","neutral1"
"3615","In total, WikiLeaks released over 50,000 documents stolen from Podesta's personal email account.","Wikileaks","Podesta","negative2"
"3616","While these negotiations were ongoing, Trump made positive public comments about Putin in connection with his presidential campaign.","Trump","Putin","positive1"
"3617","Kilimnik told Patten that at the New York cigar bar meeting, Manafort stated that they have a plan to beat Hillary Clinton which included Manafort bringing discipline and an organized strategy to the campaign.","Manafort","Clinton","negative1"
"3618","From 9:25 p.m. to 9:40 p.m., Gates and Kilimnik exchanged phone calls on Kilimnik's U.S. and Ukrainian phone numbers, ultimately speaking for 12 minutes.","Kilimnik","Gates","neutral2"
"3619","Chaika likely has been involved in Russian influence activities, and Chaika's son is sanctioned by the United States.","Chaika","Chaika's son","positive2"
"3620","Kilimnik and Manafort planned to use the poll, which tested other Ukrainian political issues and OB politicians, to gauge voter sentiment for""the peace plan involving Yanukovych without overtly revealing the purpose of the poll.","Manafort","Yanukovych","positive1"
"3621","Deripaska expanded his own influence in Montenegro and furthered Russian government efforts to exert influence over the country, which Deripaska executed in part by hiring Manafort and his firm.","Deripaska","Manafort and his firm","positive1"
"3622","Later that day, January 19, 2016, Graff responded, copying Trump Jr. and Dan Scavino from the Trump Campaign.","Graff","Dan Scavino","neutral2"
"3623","Mr. Akhmetshin, Ms. Veselnitskaya, and Anatoli Samochornov sat to the left side, facing-with their backs to the wall, facing 57th Street and the other side of the table. Mr. Donald Trump Junior and Mr. Manafort were at the head of the table.","Anatoli Samochornov","Donald Trump Junior","neutral2"
"3624","Prior to her arrest in Thailand, Rybka's social media posts had been the subject of a lawsuit filed by Deripaska against Russian opposition leader Alexey Navalny.","Deripaska","Alexey Navalny","negative1"
"3625","Goldstone stated that ""the subject of Russian American voters in the USA came up"" and that the VK head of marketing ""is keen to set up a Trump Campaign VOTE page on VK"" which would he targeted at Russian and CIS voters in the United States and would ""surely secure their votes.""","VK head of marketing","Trump Campaign","positive1"
"3626","In the revised death of Chris Christie story, it is not the deferential Jared who strikes back, but—in some sense even more satisfying for the revenge fantasy— Charlie Kushner himself who harshly demands his due.","Jared","Chris Christie","negative2"
"3627","Intelligence officials leaked descriptions of classified intercepts in a winning attempt to force Trump to fire his National Security Adviser, Michael Flynn, who had misled the nation about his ties with a Russian diplomat.","Michael Flynn","Trump","neutral1"
"3628","Patten understood that the main purpose of Kilimnik's trip was to meet with Manafort.","Kilimnik","Manafort","neutral2"
"3629","However, according to Gates, Kilimnik remained engaged with the OB in an effort to keep the party together as a viable opposition party and to obtain payment for Manafort's firm.","Kilimnik","OB","neutral2"
"3630","Marla, who separated from Trump after four years of marriage, walked away with such a relatively small sum that even a Trump lawyer said he felt she should have gotten more.","Trump","Marla","neutral2"
"3631","Starting in April 2016, the GRU hacked into the computer networks of the Democratic Congressional Campaign Committee (DCCC) and the Democratic National Committee (DNC).","GRU","DCCC","negative1"
"3632","During the campaign, Manafort worked closely with his long-time deputy, Rick Gates, who had similar access to Campaign personnel and information.","Manafort","Rick Gates","neutral1"
"3633","According to Barrack, Trump initially was not interested in the idea of hiring Manafort because Trump closely associated Manafort with Roger Stone, whom Barrack described as having a ""love-hate"" relationship with Trump.","Roger Stone","Trump","negative2"
"3634","Trump tweeted direct references to WikiLeaks throughout October and November 2016, including on October 11, 12, 16, 17, 21 (twice), 22, 24, 27 and November 1.","Trump","Wikileaks","positive1"
"3635","DIVEYKIN discussed the release of a Russian dossier of 'kompromat' on TRUMP's opponent, Hillary CLINTON, but also hinted at Kremlin possession of such material on TRUMP.","KREMLIN","Hillary CLINTON","negative1"
"3636","On December 19, 2015, Sater emailed and sent a text message to Cohen requesting that Cohen call him because he had ""Evgeny on the other line.""","Sater","Cohen","neutral2"
"3637","Dimitry Peskov wants to meet there with Michael Cohen and possibly introduce Michael Cohen to either Putin or Medvedev, as they are not sure if I or both will be there.","Dimitry Peskov","Michael Cohen","positive1"
"3638","Later that day, Barrack sent an email to Trump's assistant, Rhona Graff, but addressed the message to ""Donald.""","Barrack","Rhona Graff","neutral2"
"3639","Klyushin began using U.S.-related hashtags in early 2016, was active on social media regarding the 2016 U.S. election, and participated in a U.S. election night party in Moscow with other Russian supporters of Donald Trump.","Klyushin","Donald Trump","positive1"
"3640","In an email to Patten responding to the public revelation of Kilimnik's campaign correspondence with Manafort, Kilimnik suggested that the Russians were ""idiots"" who were ""too disorganized"" to conduct such interference and that they ""distrusted"" Manafort too much to use him in any election meddling.","Kilimnik","Manafort","neutral2"
"3641","This relationship has existed since at least 2012 and reflects an alignment between the Russian government and WikiLeaks in seeking to undermine U.S. institutions and security.","Russian Government","WikiLeaks","positive2"
"3642","In April 2016, Assange and WikiLeaks criticized the release of information in the Panama Papers as a ""Putin attack [that] was produced by OCCRP which targets Russia & former USSR and was funded by USAID & Soros,"" a frequent refrain in Russian state-sponsored influence operations.","USAID","OCCRP","positive1"
"3643","It’s a fate that has befallen numerous aides and Cabinet secretaries who cross Trump, from former Attorney General Jeff Sessions, to Secretary of State Rex Tillerson, to national security advisers H.R. McMaster and John Bolton, to every former chief of staff.","Trump","Rex Tillerson","negative2"
"3644","Gates recalled visiting Kilimnik's home in Kyiv where he noticed an Audi AS in his garage, which Gates had never seen Kilimnik drive to work before.","Gates","Kilimnik","neutral2"
"3645","The connection between Freeh and Anisimov was facilitated by Imre Pakh, who also has ties to Russian organized crime.","Imre Pakh","Anisimov","positive2"
"3646","Donald Trump added later, ""But generally speaking, I'm getting along very well with Governor Cuomo.""","Donald Trump","Cuomo","positive2"
"3647","Mr Comey is a witness against Donald Trump in the investigation by the special counsel, Robert Mueller.","Comey","Donald Trump","negative1"
"3648","Trump Jr. replied that he would, and wrote that he would be c'alling ""shortly to discuss the potential tower.""","Trump Jr.","Emin Agalarov","neutral1"
"3649","While the Committee obtained evidence revealing that Kilimnik shared with Deripaska other information passed on by Manafort, such as links to news articles, the Committee did not obtain records showing that Kilimnik passed on the polling data.","Kilimnik","Deripaska","neutral2"
"3650","WikiLeaks, and particularly its founder Julian Assange, privately expressed opposition to candidate Clinton well before the first release of stolen documents.","WikiLeaks","Clinton","negative2"
"3651","Additionally, in mid-October there was email correspondence regarding the hotel arrangements for Phil Ruffin, a close friend of Trump, and Ruffin's wife, Oleksandra Nikolayenko.","Phil Ruffin","Trump","positive2"
"3652","Newsom added that in their ""many"" conversations in recent weeks, it has been clear to him that Trump's understands the ""unique challenges"" faced by states like New York, California and Washington state.","Trump","Newsom","positive2"
"3653","Steve Bannon would depart a month later, after Trump appointed John Kelly as his second chief of staff.","John Kelly","Trump","positive1"
"3654","Akhmetshin told the Committee that, regarding Veselnitskaya's presentation, ""Junior said: 'That's very interesting, but so could you show how money goes to Hillary's campaign?","Junior","Veselnitskaya","neutral1"
"3655","Cohen later told the Committee that Ryan claimed that the communication was privileged at the request of Abbe Lowell, who at the time served as attorney to Ivanka Trump and Jared Kushner.","Abbe Lowell","Jared Kushner","neutral1"
"3656","The GRU carried out the anonymous release through two fictitious online personas that it created-DCLeaks and Guccifer 2.0-and later through the organization WikiLeaks.","Guccifer 2.0","GRU","neutral2"
"3657","The second involved Giorgi Rtskhiladze, another businessman who had previously worked to build a Trump Tower in Batumi, Georgia, and who also has significant ties to Russia.","Giorgi Rtskhiladze","Russia","positive1"
"3658","Arriving on June 15, 2013, the day before the pageant, Trump and the Agalarovs met for the first time in the lobby of the Trump Hotel in Las Vegas.","Trump","Agalarovs","neutral2"
"3659","Participants included Trump and his senior Campaign officials, such as Dan Scavino, Hope Hicks, Bannon, Kushner, Stephen Miller, and Jason Miller.","Kushner","Jason Miller","positive2"
"3660","Once, during a dinner with Cohen and his wife, Laura, Freidman said Cohen bragged that he had pushed aside the doctor during their son’s birth and delivered the baby himself, a claim that Laura, at the table that night, dismissed as untrue.","Cohen","Freidman","neutral1"
"3661","Trump's written responses to questions from the SCO state, ""I have no recollection of learning at the time that Donald Trump Jr., Paul Manafort, or Jared Kushner was considering participating in a meeting in June 2016 concerning potentially negative information about Hillary Clinton.""","Trump Jr.","Hillary Clinton","negative1"
"3662","Russian Government's intent was to damage the Clinton Campaign and tarnish what it expected might be a Clinton presidential administration, help the Trump Campaign after Trump became the presumptive Republican nominee, and generally undermine the U.S. democratic process.","Russian Government","Clinton Campaign","negative1"
"3663","On October 13, 2015, the day after his email to Cohen discussing Kostin and Putin's top deputy, Sater sent Cohen an LOI with Rozov's signature.","Sater","Cohen","neutral2"
"3664","Trump advisor Carter Page holds secret meetings in Moscow with Sechin and senior Kremlin Internal Affairs official, Diveykin","Carter Page","Diveykin","neutral2"
"3665","On Friday, November 8, Goldstone emailed a Crocus employee named Katia Kosenkova to inform her that ""[i]t appears Trump needed a second room for his head of security Keith"" but that room had not been previously booked.","Keith","Trump","neutral1"
"3666","For example, Patten was offered a project working for Deripaska in Montenegro.","Patten","Deripaska","neutral1"
"3667","Mr Trump’s lawyers also privately asked the Justice Department last year to investigate Mr Comey for mishandling sensitive government information and for his role in the Clinton email investigation.","Trump","Comey","negative1"
"3668","Goldstone replied, stating ""Perfect ... I won't sit in on the meeting, but will bring them at 3pm and introduce you etc.""","Goldstone","Donald Trump Jr.","neutral2"
"3669","The same day, Goldstone recalled receiving a phone call from Keith Schiller, Donald Trump's head of security.","Keith Schiller","Goldstone","neutral1"
"3670","Volume II addresses the President's actions towards the FBI's investigation into Russia' s interference in the 2016 presidential election and related matters, and his actions towards the Special Counsel' s investigation.","the President","Special Counsel","neutral1"
"3671","Soon thereafter, Sater told Cohen that ""[t]hey"" needed a copy of Trump's passport.","Sater","Cohen","neutral2"
"3672","Just after midnight on June 16, Stone and Gates discussed the DNC hack by phone.","Stone","Gates","neutral2"
"3673","Chrysostomides used his company, Dr. K. Chrysostomides & Co LLC (DKCC) to create at least three shell companies on behalf of Manafort, Gates, and Deripaska-Lucile Consultants Limited, Bletilla Ventures Limited, and Yiakora Ventures Limited-all registered to 1 Lampousas Street, 1095 Nicosia, Cyprus.","Manafort","Bletilla Ventures Limited","neutral2"
"3674","The GRU's outreach using the Guccifer 2.0 persona focused in large part on the media. The GRU communicated publicly and privately using the Guccifer 2.0 persona, including on the WordPress blog and through Twitter direct messages.","GRU","Guccifer 2.0","positive1"
"3675","Manafort and his team kept Deripaska informed of operational details, and Deripaska provided direction to Manafort and coordinated with him on actions Deripaska would conduct personally to assist in the influence campaign.","Manafort","Deripaska","neutral1"
"3676","That information prompted the FBI on July 31, 2016, to open an investigation into whether individuals associated with the Trump Campaign were coordinating with the Russian government in its interference activities.","FBI","Trump campaign","negative1"
"3677","Later that day, January 19, 2016, Graff responded, copying Trump Jr. and Dan Scavino from the Trump Campaign.","Graff","Konstantin Sidorkov","neutral2"
"3678","Cohen's messages to Sater reveal one potential cause for Cohen's sense of urgency-Cohen's efforts to please Trump.","Cohen","Trump","positive1"
"3679","In sum, the investigation established that the GRU hacked into email accounts of persons affiliated with the Clinton Campaign, as well as the computers of the DNC and DCCC.","GRU","DNC","negative1"
"3680","Felix Sater, Donald Trump Jr. and Ivanka Trump stayed at the National Hotel together, and I did what their dad asked me, keep an eye on them.","Donald Trump Jr.","Ivanka Trump","neutral2"
"3681","Where the president saw Sessions as the cause of the Comey fiasco, Bannon saw Sessions as a victim of it.","The president","Sessions","negative1"
"3682","Throughout the campaign and following the election, Papadopoulos proffered himself as a conduit between the Trump team and foreign governments, including Russia, Egypt, and Greece.","Papadopoulos","Greece","neutral1"
"3683","One of Mueller’s questions was: “What communication did Donald Trump have with Michael Cohen, Felix Sater, and others, including foreign nationals, about Russian real estate developments during the campaign?","Mueller","Donald Trump","neutral2"
"3684","Manafort told the sea that Kilimnik outlined a plan to have Viktor Yanukovych return to politics in eastern Ukraine, and to have eastern Ukraine declared an autonomous region.","Kilimnik","Viktor Yanukovych","positive1"
"3685","According to Beniaminov, attendees at the dinner included Aras Agalarov, Donald Trump, Aras Agalarov's wife and daughter, Emin Agalarov, Emin Agalarov's friends Murad and Timur Beniaminov, Roman Beniaminov (no relation), Rob Goldstone, Goldstone and Agalarov's associate Murtaza Akbar, Trump Organization employees Keith Schiller and Michael Cohen, Miss Universe employee Esther Swan, former-Miss Universe Olivia Culpo, and others.","Aras Agalarov","Michael Cohen","neutral2"
"3686","Throughout 2015 and 2016, Aras Agalarov and Emin Agalarov remained in regular contact with Trump and Trump Jr., often through Graff and Goldstone or other staffworking for the Agalarovs.","Emin Agalarov","Trump Jr.","neutral2"
"3687","Also Konstantin Sidorkov will make a huge promotion for it with our marketing instruments and put Donald Trump's page to user's recommendation inc. targeting to all our audience.","Konstantin Sidorkov","Donald Trump","positive1"
"3688","On October 30, 2013, Roman Beniaminov and Goldstone, who both work for Emin Agalarov, exchanged an email titled ""To do.""","Goldstone","Emin Agalarov","neutral1"
"3689","To organize those rallies, IRA employees posed as U.S. grassroots entities and persons and made contact with Trump supporters and Trump Campaign officials in the United States.","IRA","Trump supporters","neutral2"
"3690","Aras Agalarov, Emin's father, expressed concern that Donald Trump would only be in on November 8th.","Aras Agalarov","Donald Trump","positive1"
"3691","[At the meeting] either Chaika or the Deputy Prosecutor General said Freeh should discuss follow-up details with Natalia Veselnitskaya. . . .","Denis Katsyv","Natalia Veselnitskaya","positive1"
"3692","Manafort wanted to use Evgeny Kopatko to conduct the survey and fieldwork, which would be coordinated through Kilimnik.","Manafort","Evgeny Kopatko","positive1"
"3693","Clovis and Papadopoulos spoke on March 6, 2016, about Papadopoulos joining the foreign policy team, and they may have discussed Russia.","Clovis","Papadopoulos","neutral2"
"3694","The Epshteyn proposal, which came through individuals connected to the Moscow city government, involved construction of a smaller hotel in Russia.","Epshteyn","Moscow City Government","positive1"
"3695","Shugart said that Phil Ruffin joined the meeting but Aras Agalarov did not.","Phil Ruffin","Donald Trump","neutral2"
"3696","Throughout 2015 and 2016, Aras Agalarov and Emin Agalarov remained in regular contact with Trump and Trump Jr., often through Graff and Goldstone or other staffworking for the Agalarovs.","Aras Agalarov","Trump Jr.","neutral2"
"3697","Within hours, Ruddy received calls from both Priebus and Kushner, urging him to keep an open mind and give the Trump team the benefit of the doubt.","Kushner","Ruddy","neutral2"
"3698","On June 28, 2013, Graff emailed Shugart and Goldstone and attached a final signed copy of the letter.","Graff","Goldstone","neutral2"
"3699","In February 2017, the persona ""Black Fist"" (purporting to want to teach African-Americans to protect themselves when contacted by law enforcement) hired a self-defense instructor in New York to offer classes sponsored by Black Fist.","IRA","""Black Fist""","neutral2"
"3700","Page won a fellowship from the Council on Foreign Relations.","Council on Foreign Relations","Page","positive2"
"3701","Samochomov first met Natalia Veselnitskaya and Denis Katsyv in the fall of 2015 when Samochomov was asked to fill in for a colleague to do deposition work related to the Prevezon case.","Samochomov","Natalia Veselnitskaya","neutral2"
"3702","The video includes a number of vignettes apparently collected from Rybka's social media accounts and focuses on an August 2016 meeting between Deripaska and Prikhodko aboard Deripaska's yacht near Norway.","Deripaska","Prikhodko","neutral2"
"3703","In August 2015, an application was initiated in the Eastern District of Virginia relating to the winding up petition in the Grand Court of the Cayman Islands, which sought to subpoena testimony and documents from Manafort and Gates, Patten understood that a ""month or two"" before Manafort joined the Trump Campaign, ""Deripaska's lawyers were looking for Manafort ... and they couldn't find him.""","Manafort","Trump Campaign","neutral1"
"3704","Posts from the IRA-controlled Twitter account @TEN_GOP were cited or retweeted by multiple Trump Campaign officials and surrogates, including Donald J. Trump Jr., Eric Trump, Kellyanne Conway, Brad Parscale, and Michael T. Flynn.","Michael T. Flynn","@TEN_GOP","neutral2"
"3705","Kilimnik retained this close relationship for years after Manafort's initial work with Deripaska ceased","Kilimnik","Deripaska","positive2"
"3706","Corsi said that ""Stone was asking for further information"" about ""timing and content of the Podesta email release.""","Corsi","Stone","neutral2"
"3707","Aras Agalarov, a prominent Russian oligarch originally from Azerbaijan, and his son Emin Agalarov, a musician and real estate executive, have since 2013 maintained both a business and personal relationship with Donald Trump.","Aras Agalarov","Emin Agalarov","positive2"
"3708","The next day, with more inquiries coming from reporters, he confronted Hicks inside the cabinet room, accusing her of doing Jared and Ivanka’s dirty work.","Hicks","Ivanka","positive2"
"3709","By early 2018, Kilimnik was again working with Manafort-who was under criminal indictment in the United States-in an attempt to organize a poll in Ukraine that would quietly try to gauge voter sentiment on Yanukovych.","Manafort","Kilimnik","positive2"
"3710","Gates relayed a proposed day for the Trump-Poroshenko meeting through Mermoud, but Chaly responded that day would not work for the Ukrainian side.","Gates","Mermoud","positive2"
"3711","In addition to Klyushin and Zemlyanski, Rykov's gatherings in Moscow for the 2016 U.S. election and inauguration were also attended by a range of other individuals such as pro-Kremlin propagandist Maria Katasonova, Duma member Aleksey Zhuravlev, and Jack Hanick, an American media consultant who is associated with U.S.-sanctioned oligarch Konstantin Malofeyev and the pro-Kremlin propaganda media outlet Tsargrad TV.","Jack Hanick","Rykov","neutral1"
"3712","Sater asked Cohen to review the draft invitation letter and ""make whatever changes you want. . . . . [t]ry to take a look tonight I want to get it to them so they have it for the morning.""","Sater","Cohen","positive1"
"3713","Manafort appears to have been involved in efforts to arrange a call between Poroshenko and Trump after the election, which appears to have been motivated by Manafort's own interest in countering these same Ukrainian criminal investigations.","Manafort","Trump","neutral1"
"3714","Sater testified that Cohen acted as the “intermediary” for Trump Moscow and was eager to see the deal through because he wanted to “score points with Trump.”","Cohen","Trump","positive1"
"3715","The Carter Page went off topic with effusive praise for Russian President Vladimir Putin and Trump.","Carter Page","Trump","positive1"
"3716","Several days later, Rozov's ""right hand man"", Dmitry Chizhikov, sent Cohen a letter from Rozov, attaching a presentation describing Rozov's company, IC Expert.","Rozov","Cohen","neutral2"
"3717","Department of State personnel in the U.S. Embassy in Kyiv who interacted directly with Manafort and PoR leaders viewed Kilimnik as ""Manafort's man in Bankova""(Bankova is a reference to Bankova Street in Kyiv where the Ukrainian Presidential Administration is housed) and understood that Kilimnik maintained access to the inner-most circles of Ukraine Government.","Manafort","Ukraine Government","neutral2"
"3718","Emin Agalarov stated that, ""When Aras Agalarov asks, I cannot say no to him,"" and that, ""Aras Agalarov is not the kind of guy you get to ask questions.","Emin Agalarov","Aras Agalarov","negative1"
"3719","From June 14, 2016, to November 8, 2016, Committee analysis of the DCLeaks Twitter account shows that it sent 259 direct messages to other Twitter accounts, including WikiLeaks and Guccifer 2.0, as _further discussed infra.","DCLeaks Twitter account","WikiLeaks","neutral2"
"3720","Cohen saw less of his uncle after moving to Washington to attend American University, though Levine said he helped him start a foreign-car importing business at the time.","Levine","Cohen","positive2"
"3721","In his feedback, Kilimnik asked Fabrizio and Ward to ""get a deeper understanding of attitudes toward Yanukovich/Azarov and what they can do for Ukraine to get back.","Kilimnik","Ward","neutral2"
"3722","At the lunch Anatoli Samochornov and Natalia Veselnitskaya were joined by Irakli Kaveladze and possibly Akhmetshin.","Anatoli Samochornov","Akhmetshin","neutral2"
"3723","This polling data included internal Trump Campaign polling data from Trump Campaign pollster and longtime Manafort associate Anthony Fabrizio.","Manafort","Fabrizio","neutral2"
"3724","According to an FBI interview of Gates, Alexander and Dmit Chera were the owners of Black Sea Cable affiliated with Rinat Akhmetov","Alexander","Rinat Akhmetov","neutral2"
"3725","This is obviously very high level and sensetive information but is part of Russia and its governmenrs support for Mr. Trump helped along by Aras and Emm.","Aras","Trump","positive1"
"3726","Press reports further suggests that the relationship between the two men helped Deripaska secure the financing needed to cement his control of UC RUSAL in the early- to mid-2000s.","Deripaska","UC RUSAL","positive1"
"3727","Kaveladze also facilitated an introduction between Veselnitskaya and the Agalarovs' lawyer, Scott Balber.","Kaveladze","Scott Balber","neutral1"
"3728","That information prompted the FBI on July 31, 2016, to open an investigation into whether individuals associated with the Trump Campaign were coordinating with the Russian government in its interference activities.","Trump campaign","Russian government","positive2"
"3729","George Papadopoulos also communicated with government officials from Egypt, Israel, Japan, and the United Kingdom.","George Papadopoulos","Egypt","neutral2"
"3730","During the 2013 trip to Moscow for the Miss Universe Pageant, two Agalarov employees, Artem Klyushin and his then-wife Yulya Klyushina, spent time with Donald Trump.","Artem Klyushin","Agalarov","neutral1"
"3731","Rohrabacher told the Committee that he was unsure how the April 2016 Moscow meeting with Yakunin was arranged, but that it may have been proposed by then-Russian Ambassador to the United States Sergey Kislyak.","Sergey Kislyak","Yakunin","neutral1"
"3732","Manafort instructed Fabrizio's partner, Bob Ward, to ""remove VY as the player in this plan"" and instead referenced only ""someone who is part of east and a leader in the PoR during the VY years.""","Manafort","Bob Ward","neutral2"
"3733","Irakly “Ike” Kaveladze said hello to Ivanka Trump. . . . Ivanka Trump was just there.","Irakly “Ike” Kaveladze","Ivanka Trump","neutral1"
"3734","After the Post story, Priebus and Bannon questioned Flynn again.","Priebus","Flynn","negative1"
"3735","Jared Kushner had failed to disclose any foreign contacts, including meetings with the Russian ambassador to the United States, Sergey Kislyak, and the head of a Russian state bank. Sergey Gorkov.","Jared KUSHNER","Sergey KISLYAK","neutral2"
"3736","In January 2018, Twitter publicly identified 3,814 Twitter accounts associated with the IRA.","Twitter","IRA","negative1"
"3737","Until Gates entered into a plea agreement with the SCO in February 2018, Manafort and Gates remained in close contact and regularly discussed the investigations into both of their activities.","Gates","SCO","positive2"
"3738","Cognizant of balancing Trump's penchant for punishing his critics with California's reliance on the federal government for personal protective equipment, ventilators, medical stations and emergency funding, Newsom has warmly praised the Trump's administration for their assistance during his near-daily briefings while reeling off a dizzying litany of facts about the state's readiness for the crisis.","Trump","Newsom","neutral1"
"3739","RT, the Russian Government sponsored news outlet, quoted Trump as saying, ""I have plans for the establishment of business in Russia.","RT","Russian Government","positive2"
"3740","Cohen recalled telling Trump that he had spoken with ""someone from the Kremlin"" about the Trump Tower Moscow project.","Cohen","Kremlin","neutral2"
"3741","As senior aides prepared to announce his departure as a resignation, counselor Kellyanne Conway, who often boasts of her direct access to Trump, went on television to declare that Flynn had “the full confidence of the President.”","Kellyanne Conway","Trump","positive2"
"3742","According to Department of the Treasury information, Arkady and Boris Rotenberg's personal wealth increased by billions of dollars after Putin awarded them large contracts related to Gazprom and the Sochi Winter Olympics.","Arkady","Putin","positive2"
"3743","In particular, he told the Committee that Kilimnik mentioned Manafort's belief that ""because or Clinton's high negatives, there was a chance, only because her negatives were so astronomically high, that it was possible to win.""","Kilimnik","Manafort","neutral1"
"3744","In text messages with Kaveladze, Veselnitskaya rejected a proposed cafe for a meeting with Balber because there were ""too many ears,"" and advocated for a more private location.","Kaveladze","Veselnitskaya","neutral2"
"3745","Mifsud's interest in Papadopoulos appeared entirely reliant on Papadopoulos's association with the Trump Campaign.","Papadopoulos","Trump Campaign","neutral1"
"3746","Cohen's then-attorney, Stephen Ryan, told the Committee that the communications were privileged and therefore not produced.","Stephen Ryan","Cohen","neutral1"
"3747","Sam Nunberg, another Trump adviser at the time, was angered to learn from a Republican operative that Cohen had raised the subject with Ed Cox, chairman of New York’s GOP.","Ed Cox","New York’s GOP","neutral2"
"3748","According to Beniaminov, attendees at the dinner included Aras Agalarov, Donald Trump, Aras Agalarov's wife and daughter, Emin Agalarov, Emin Agalarov's friends Murad and Timur Beniaminov, Roman Beniaminov (no relation), Rob Goldstone, Goldstone and Agalarov's associate Murtaza Akbar, Trump Organization employees Keith Schiller and Michael Cohen, Miss Universe employee Esther Swan, former-Miss Universe Olivia Culpo, and others.","Rob Goldstone","Donald Trump","neutral2"
"3749","The first of these proposals involved Felix Sater.","Felix Sater","Michael Cohen","positive1"
"3750","Gates also did not believe that Kilimnik could afford his lifestyle solely on his DMP salary.","Kilimnik","DMP","neutral1"
"3751","As early as March 2016, the IRA purchased advertisements that overtly opposed the Clinton Campaign.","IRA","Clinton Campaign","negative2"
"3752","According to Michael Cohen, around the time of the 2013 Miss Universe pageant in Moscow, a friend, Giorgi Rtskhiladze, cautioned that he ""did not care for the Agalarovs, thought they were gangsters and didn't do business with them.""","Michael Cohen","Giorgi Rtskhiladze","positive2"
"3753","Continuing on this theme the source close to Ivanov reported that Peskov now was ""scared shitless"" that he would be scapegoated by Putin and the Kremlin and held responsible for the backlash against Russian political interference in the US election.","Peskov","Kremlin","negative1"
"3754","Donald Trump has a feeling he got quite a bit of his talent from Aras Agalarov.","Donald Trump","Aras Agalarov","positive1"
"3755","However, on October 31, 2015, at 1:01 p.m. EDT, Sater emailed Cohen and asked Cohen to email the ""signed LOI"" because Sater hadn't yet received it.","Sater","Cohen","neutral2"
"3756","Corsi also coordinated with Stone on a cover story for Stone's information and deleted communications relating to the issue.","Corsi","Stone","positive2"
"3757","After leaving, Papadopoulos reached out to a contact at the LCILP to ask if LCILP was hiring, noting that he had finished his role with the Carson campaign.","Papadopoulos","Carson campaign","neutral1"
"3758","On January 25, 2016, Emin Agalarov emailed Trump Jr., ""I'm in New York send my best to the family and congratulations on all the amazing success!!!","Emin Agalarov","Trump Jr.","positive1"
"3759","John Mashburn, the Policy Director for the Trump Campaign, replied: ""I don't see a problem. Just like WikiLeaks material.""","John Mashburn","the Trump Campaign","neutral1"
"3760","On November 21, 2013, Emin Agalarov sent an email to Donald Trump Jr., and copied Shugart and Goldstone.","Emin Agalarov","Goldstone","neutral2"
"3761","Approximately two hours after the last of those searches, Guccifer 2.0 published its first post, attributing the DNC server hack to a lone Romanian hacker and using several of the unique English words and phrases that the GRU officers had searched for that day","Guccifer 2.0","DNC","positive1"
"3762","Sater told the Committee that the Molchanov site Sater had referenced in his October 9, 2015 email to Cohen was the ZiL factory, a defunct automobile and heavy equipment manufacturing facility, which Sater described as the largest development project in Moscow.","Sater","Cohen","neutral2"
"3763","Trump spokeswoman Hope Hicks said Page was free to do whatever he liked.","Hope Hicks","Trump","neutral1"
"3764","Trump was scheduled to depart the hotel at 5:15 p.m. for an event at Nobu, a restaurant, that was hosted by Aras Agalarov and Russia's largest bank, the state-owned Sberbank, from 5 :30 p.m. to 6:30 p.m.","Aras Agalarov","Sberbank","positive2"
"3765","Polansky was the head of Mirax Group, a large Russian real estate and development company, during that time.","Polansky","Mirax Group","neutral1"
"3766","As early as November 19, 2015, in a Twitter group chat, WikiLeaks repeatedly disparaged Clinton's prospects as president, stating, among other things: ""We believe it would be much better for [the] GOP to win.""","WikiLeaks","GOP","positive1"
"3767","Many of Donald Trump's draft tweets attacked Clinton for her adversarial posture toward Russia and mentioned a new peace deal with Putin, such as ""I want a new detente with Russia under Putin.""","Donald Trump","Clinton","negative1"
"3768","Kilimnik further claimed that after leaving the Russian military, he was hired at the International Republican Institute (IRI).","Kilimnik","Russian military","negative1"
"3769","Later that day, Graff forwarded the email, and the attached document, to Steve Bannon.","Graff","Steve Bannon","neutral2"
"3770","On October 3, 2016, WikiLeaks sent another direct message to Trump Jr., asking ""you guys"" to help disseminate a link alleging candidate Clinton had advocated using a drone to target Julian Assange.","WikiLeaks","Clinton","negative1"
"3771","Samochomov has done some contract work for United Nations (UN) agencies, like UN AIDS and UN Women, but has never worked formally for the UN itself.","Samochomov","UN Women","neutral2"
"3772","The effort to plan the June 9, 2016 meeting in Trump Tower likely began on June 3, 2016, and consisted of a phone call from Emin Agalarov to Rob Goldstone.","Emin Agalarov","Rob Goldstone","neutral2"
"3773","The Trump Organization pursued the project through at least June 2016, including by considering travel to Russia by Cohen and candidate Trump.","Trump","Russia","neutral2"
"3774","“Morty Levine should hate Donald Trump because he screwed my nephew.","Morty Levine","Donald Trump","negative1"
"3775","GRU Hacking Directed at the Clinton Campaign","GRU","Clinton Campaign","negative1"
"3776","Last month, Senate Intelligence Committee staffers peppered Sater for hours with questions about the Trump Moscow project.","Senate Intelligence Committee","Sater","neutral2"
"3777","In late 2009 or early 2010, Sater and another associate, Daniel Ridloff, were provided office space on the 26th floor of Trump Tower in return for their efforts to source international deals.","Sater","Daniel Ridloff","neutral1"
"3778","“There are a lot of questions on the part of the people who took the President home after the dance,” explains Republican Party Senator Pat Roberts of Kansas.","Pat Roberts","Republican Party","neutral2"
"3779","The GRU carried out the anonymous release through two fictitious online personas that it created-DCLeaks and Guccifer 2.0-and later through the organization WikiLeaks.","GRU","WikiLeaks","positive2"
"3780","Donald Trump invited his daughter Ivanka, an amorphous adviser without an official title, into sensitive meetings, and cheered his policy aide Stephen Miller when he went on television to peddle baseless conspiracy theories about phantom Massachusetts residents voting illegally in New Hampshire last fall.","Donald Trump","Ivanka","positive2"
"3781","To launch its influence operation, the GRU created a website, dcleaks.com, which was operational from June 2016 to March 2017.","GRU","DCLeaks","positive2"
"3782","Neither Emin Agalarov nor Goldstone recalled the names of any of the attendees other than the head of Sberbank, Herman Gref.","Herman Gref","Sberbank","positive1"
"3783","The GRU later released stolen Clinton Campaign and DNC documents through online personas, ""DCLeaks"" and ""Guccifer 2.0,"" and later through the organization WikiLeaks.","WikiLeaks","GRU","positive1"
"3784","The investigation established that Smith communicated with at least Flynn and Clovis about his search for the deleted Clinton emails, but the Office did not identify evidence that any of the listed individuals initiated or directed Smith's efforts.","Smith","Flynn","neutral2"
"3785","Separately, also on September 12, Goldstone emailed Emin Agalarov, Kaveladze, and Beniaminov.","Goldstone","Beniaminov","neutral2"
"3786","[At the meeting] either Chaika or the Deputy Prosecutor General said Freeh should discuss follow-up details with Natalia Veselnitskaya. . . .","Chaika","Natalia Veselnitskaya","positive1"
"3787","In time, Steve Bannon had come to see the twenty-eight-year-old as nothing more than a hapless presidential enabler and poor-fish Jarvanka flunky—and Steve Bannon believed Hope Hicks had now deeply implicated herself in the entire disaster by participating in the Air Force One meeting.","Steve Bannon","Hope Hicks","negative1"
"3788","Kaveladze believes Peskov told Aras Agalarov that he would get back to Agalarov.","Peskov","Aras Agalarov","neutral2"
"3789","Shugart recalled that Trump was ""very happy"" and believed the Agalarovs were ""the real deal.""","Trump","Agalarovs","positive1"
"3790","Sater knew Molchanov had previously served in the Russian government as a state senator and believed that Molchanov was well connected.","Molchanov","Russian government","neutral1"
"3791","Gates drafted the four personal memoranda, while Manafort reviewed and approved them.","Gates","Manafort","positive2"
"3792","According to Papadopoulos's statement of offense, Mifsud introduced Polonskaya to Papadopoulos as a relative of Vladimir Putin and as someone who had connections to senior Russian government officials.","Mifsud","Polonskaya","neutral1"
"3793","On that trip Sater facilitated a tour of the Kremlin which Sater later referenced in communications with Cohen during the 2016 presidential campaign.","Sater","Cohen","neutral2"
"3794","Natalia Veselnitskaya told to Aras that; Natalia Veselnitskaya reported about this case and about this story; Natalia Veselnitskaya reported personally to the prosecutor general of the Russian Federation, that he received me.","Natalia Veselnitskaya","Aras","neutral2"
"3795","Shortly after this exchange, Goldstone emailed Trump Jr. again about the Russian social media platform VK.","Goldstone","Trump Jr.","neutral2"
"3796","Later that day, Donald Trump Jr. responded, writing ""Thanks Rob.""","Donald Trump Jr.","Rob","neutral2"
"3797","Charlie Kushner, pursued by the feds for an income tax cheat, set up a scheme with a prostitute to blackmail Charlie Kushner's brother-in-law, who was planning to testify against him.","Charlie Kushner's brother-in-law","Charlie Kushner","negative2"
"3798","Separately, an email from Kilimnik suggests that he and Manafort may have also discussed the formation of Russia and Ukraine policy on the Trump Campaign during the August 2, 2016 meeting.","Kilimnik","Manafort","neutral2"
"3799","IRA employees monitored the reaction of the Trump Campaign and, later, Trump Administration officials to their tweets.","IRA","Trump Campaign","neutral1"
"3800","Donald sees Thomas Barrack as a peer -the rest of us are just vassals.","Donald","Thomas Barrack","positive2"
